Justin Abdelkader\abdelju01,DET,LW,0,3,0,0,0,0,0,40,26,103Pontus Aberg\abergpo01,TOR,LW,0,1,0,0,0,0,0,4,1,1Vitaly Abramov\abramvi01,OTT,RW,1,0,0,0,0,0,0,3,0,0Noel Acciari\acciano01,FLA,C,20,7,0,1,5,0,0,108,103,121Andrew Agozzino\agozzan01,TOT,LW,1,2,0,0,0,0,0,10,7,25Andrew Agozzino\agozzan01,PIT,LW,0,2,0,0,0,0,0,8,5,19Andrew Agozzino\agozzan01,ANA,LW,1,0,0,0,0,0,0,2,2,6Sebastian Aho\ahose01,CAR,F,38,28,8,4,5,9,1,206,20,55Karl Alzner\alzneka01,MTL,D,0,0,0,0,0,0,0,4,4,1Michael Amadio\amadimi01,LAK,C,6,10,0,0,0,3,0,99,22,21Joey Anderson\anderjo08,NJD,RW,4,2,0,0,0,0,0,21,6,16Josh Anderson\anderjo05,CBJ,RW,1,3,0,0,0,0,0,63,13,68Michael Anderson\andermi02,LAK,D,1,0,0,0,1,0,0,9,10,10Jaret Anderson-Dolan\anderja01,LAK,C,0,0,0,0,0,0,0,2,0,3Lias Andersson\anderli01,NYR,C,0,1,0,0,0,0,0,13,8,20Rasmus Andersson\anderra01,CGY,D,5,17,0,0,0,4,0,124,83,51Andy Andreoff\andrean01,PHI,LW,0,1,0,0,0,0,0,14,4,20Anthony Angello\angelan01,PIT,C,1,0,0,0,0,0,0,5,5,13Artem Anisimov\anisiar01,OTT,C,15,5,5,0,1,1,0,87,25,6Mason Appleton\applema01,WPG,C,5,3,0,1,0,0,0,55,12,20Josh Archibald\archijo01,EDM,RW,12,9,0,2,3,0,1,64,44,165Joel Armia\armiajo01,MTL,RW,16,14,3,3,2,1,1,155,25,146Viktor Arvidsson\arvidvi01,NSH,LW,15,13,4,0,1,4,0,127,24,27Rasmus Asplund\asplura01,BUF,F,1,2,0,0,0,0,1,36,7,20Zach Aston-Reese\astonza01,PIT,C,6,7,0,1,0,0,0,98,30,136Andreas Athanasiou\athanan01,TOT,C,11,15,3,0,2,4,0,129,24,36Andreas Athanasiou\athanan01,DET,C,10,14,3,0,2,4,0,115,21,28Andreas Athanasiou\athanan01,EDM,C,1,1,0,0,0,0,0,14,3,8Cam Atkinson\atkinca01,CBJ,RW,12,14,3,0,2,5,0,148,21,18Nicolas Aube-Kubel\aubekni01,PHI,RW,7,8,2,0,1,1,0,48,16,82David Backes\backeda01,TOT,C,1,5,1,0,1,0,0,34,8,38David Backes\backeda01,BOS,C,1,2,1,0,1,0,0,26,4,22David Backes\backeda01,ANA,C,0,3,0,0,0,0,0,8,4,16Mikael Backlund\backlmi01,CGY,C,16,29,3,3,3,7,0,157,11,44Nicklas Backstrom\backsni02,WSH,C,12,42,2,0,0,16,0,132,45,30Sven Baertschi\baertsv01,VAN,LW,0,2,0,0,0,2,0,7,0,5Josh Bailey\bailejo01,NYI,C,14,29,2,1,2,7,0,94,48,20Justin Bailey\baileju01,VAN,RW,0,0,0,0,0,0,0,1,0,4Rudolfs Balcers\balceru01,OTT,LW,1,2,0,0,1,0,0,23,7,19Ivan Barbashev\barbaiv01,STL,C,11,15,0,2,2,0,1,75,33,144Riley Barber\barberi01,MTL,RW,0,0,0,0,0,0,0,6,1,15Mark Barberio\barbema01,COL,D,0,2,0,0,0,0,0,29,19,13Cole Bardreau\bardrco01,NYI,F,1,1,0,0,1,0,0,10,1,21Aleksander Barkov\barkoal01,FLA,C,20,42,7,0,2,13,1,172,35,21Tyson Barrie\barrity01,TOR,D,5,34,1,0,0,11,0,169,76,47Mathew Barzal\barzama01,NYI,C,19,41,4,0,2,8,0,171,43,22Drake Batherson\bathedr01,OTT,C,3,7,1,0,0,5,0,32,11,51Jay Beagle\beaglja01,VAN,RW,2,6,0,1,1,0,1,49,42,69Ethan Bear\bearet01,EDM,D,5,16,1,0,1,1,0,99,106,59J.C. Beaudin\beaudje01,OTT,C,0,1,0,0,0,0,0,18,11,51Nicolas Beaudin\beaudni01,CHI,D,0,0,0,0,0,0,0,2,2,2Nathan Beaulieu\beaulna01,WPG,D,1,7,0,0,1,0,0,38,47,62Anthony Beauvillier\beauvan01,NYI,LW,18,21,3,1,3,4,0,132,36,86Pierre-Edouard Bellemare\bellepi01,COL,LW,9,13,0,2,0,0,2,85,46,43Kieffer Bellows\belloki01,NYI,LW,2,1,0,0,1,0,0,11,4,12Emil Bemstrom\bemstem01,CBJ,C,10,10,5,0,4,3,0,97,17,52Jamie Benn\bennja01,DAL,LW,19,20,8,0,4,6,0,163,57,167Jordie Benn\bennjo01,VAN,D,1,6,0,0,1,0,0,58,62,45Sam Bennett\bennesa01,CGY,C,8,4,0,0,0,1,0,82,13,101Matt Benning\bennima01,EDM,D,1,7,0,0,0,0,0,38,34,78Tyler Benson\bensoty01,EDM,LW,0,1,0,0,0,0,0,5,1,3Patrice Bergeron\bergepa01,BOS,C,31,25,11,1,5,9,0,203,46,46Lean Bergmann\bergmle01,SJS,F,0,1,0,0,0,0,0,11,5,29Tyler Bertuzzi\bertuty01,DET,LW,21,27,3,0,1,11,0,129,30,71Alex Biega\biegaal01,DET,D,0,3,0,0,0,0,0,55,46,115Jake Bischoff\bischja01,VEG,D,0,0,0,0,0,0,0,6,8,8Clark Bishop\bishocl01,CAR,C,0,1,0,0,0,0,0,4,0,5Anthony Bitetto\bitetan01,WPG,D,0,8,0,0,0,0,1,54,50,145Anders Bjork\bjorkan01,BOS,LW,9,10,1,0,0,0,0,66,21,43Oliver Bjorkstrand\bjorkol01,CBJ,RW,21,15,3,0,5,3,0,162,16,43Tobias Bjornfot\bjornto01,LAK,D,0,0,0,0,0,0,0,0,0,0Nick Bjugstad\bjugsni01,PIT,C,1,1,0,0,0,0,0,18,7,19Colin Blackwell\blackco01,NSH,C,3,7,0,0,0,0,0,31,23,43Sammy Blais\blaissa01,STL,LW,6,7,0,0,1,0,0,56,15,155Joseph Blandisi\blandjo01,PIT,C,2,3,0,0,1,0,0,12,9,26Joachim Blichfeld\blichjo01,SJS,W,0,0,0,0,0,0,0,3,4,3Anton Blidh\blidhan01,BOS,LW,0,0,0,0,0,0,0,9,5,20Teddy Blueger\bluegte01,PIT,C,9,13,0,0,2,0,2,102,35,83Mikkel Boedker\boedkmi01,OTT,RW,2,2,0,1,0,0,0,29,5,12Brock Boeser\boesebr01,VAN,RW,16,29,5,0,3,9,0,169,14,28Zach Bogosian\bogosza01,TOT,D,1,6,0,0,0,0,1,29,27,30Zach Bogosian\bogosza01,BUF,D,1,4,0,0,0,0,0,18,21,22Zach Bogosian\bogosza01,TBL,D,0,2,0,0,0,0,1,11,6,8Nick Bonino\boninni01,NSH,C,18,17,1,0,3,0,0,104,89,17Adam Boqvist\boqviad01,CHI,D,4,9,0,0,1,2,0,50,43,33Jesper Boqvist\boqvije01,NJD,C,4,0,1,0,0,0,0,41,16,37Henrik BorgstrÌ¦m\borgshe01,FLA,C,0,0,0,0,0,0,0,3,0,1Mark Borowiecki\borowma01,OTT,D,7,11,0,1,0,0,0,63,120,199Robert Bortuzzo\borturo01,STL,D,2,4,0,0,1,0,0,36,43,66Gabriel Bourque\bourqga01,WPG,LW,2,4,0,0,0,0,0,33,40,125Jay Bouwmeester\bouwmja01,STL,D,1,8,0,0,0,0,1,53,68,42Madison Bowey\boweyma01,DET,D,3,14,0,0,0,1,0,70,58,53Johnny Boychuk\boychjo01,NYI,D,2,9,1,0,0,0,0,96,128,135Travis Boyd\boydtr01,WSH,C,3,7,0,0,0,1,0,26,9,14Brian Boyle\boylebr01,FLA,C,6,9,1,0,1,0,0,56,34,65Tyler Bozak\bozakty01,STL,C,13,16,2,1,2,2,0,109,33,32Erik Brannstrom\branner01,OTT,D,0,4,0,0,0,1,0,38,36,15Derick Brassard\brassde01,NYI,C,10,22,3,0,1,7,0,110,24,115Jesper Bratt\brattje01,NJD,W,16,16,1,0,2,5,0,101,22,29Justin Braun\braunju01,PHI,D,3,16,0,0,0,1,0,70,84,91T.J. Brodie\broditj01,CGY,D,4,15,0,0,1,1,0,65,87,20Jonas Brodin\brodijo01,MIN,D,2,26,0,0,0,1,2,103,112,41Jonny Brodzinski\brodzjo01,SJS,C,0,1,0,0,0,0,0,5,0,3Adam Brooks\brookad01,TOR,C,0,3,0,0,0,0,0,2,1,0Troy Brouwer\brouwtr01,STL,RW,1,0,0,0,0,0,0,12,6,24Connor Brown\brownco02,OTT,RW,16,27,3,0,1,1,2,173,35,39Dustin Brown\browndu01,LAK,RW,17,18,1,0,1,4,0,169,15,143Josh Brown\brownjo01,FLA,D,3,5,0,0,1,0,0,48,53,77Logan Brown\brownlo01,OTT,C,1,7,1,0,1,2,0,23,11,13Patrick Brown\brownpa02,VEG,C,1,0,0,0,0,0,0,2,0,6Pavel Buchnevich\buchnpa01,NYR,LW,16,30,4,0,1,5,0,148,22,80Connor Bunnaman\bunnaco01,PHI,F,1,1,0,0,0,0,0,18,2,29Andre Burakovsky\burakan01,COL,LW,20,25,2,0,6,9,0,103,34,26Brent Burns\burnsbr01,SJS,D,12,33,5,0,1,12,1,225,115,72Will Butcher\butchwi01,NJD,D,4,17,0,0,1,1,0,62,75,31Paul Byron\byronpa01,MTL,C,4,6,0,1,0,0,0,29,18,42Nicholas Caamano\caamani01,DAL,RW,1,1,0,0,0,0,0,13,3,17Drake Caggiula\caggidr01,CHI,LW,9,6,1,0,0,0,1,56,16,81Matt Calvert\calvema01,COL,LW,12,13,0,3,1,0,1,89,22,58Kyle Capobianco\capobky01,ARI,D,1,0,0,0,0,0,0,10,10,14Paul Carey\careypa01,BOS,C,0,0,0,0,0,0,0,0,1,0Brandon Carlo\carlobr01,BOS,D,4,15,0,0,0,0,0,111,76,126John Carlson\carlsjo01,WSH,D,15,60,2,0,6,24,0,189,108,55Gabriel Carlsson\carlsga01,CBJ,D,0,0,0,0,0,0,0,3,0,5Lucas Carlsson\carlslu01,CHI,D,0,1,0,0,0,0,0,3,6,11Ryan Carpenter\carpery01,CHI,C,3,12,0,1,0,0,2,80,48,117Daniel Carr\carrda01,NSH,LW,1,0,0,0,0,0,0,14,2,10Connor Carrick\carrico01,NJD,D,1,5,0,0,1,0,0,25,39,27Sam Carrick\carrisa01,ANA,C,1,1,0,1,0,0,0,16,8,13Trevor Carrick\carritr01,SJS,D,0,0,0,0,0,0,0,1,0,1Alexandre Carrier\carrial01,NSH,D,0,0,0,0,0,0,0,4,0,3William Carrier\carriwi01,VEG,LW,7,12,0,0,1,0,0,99,11,213Jeff Carter\carteje01,LAK,C,17,10,3,0,7,2,0,182,23,66Colby Cave\caveco01,EDM,C,1,0,0,0,0,0,0,5,3,17Cody Ceci\cecico01,TOR,D,1,7,0,0,1,0,0,48,79,92Peter Cehlarik\cehlape01,BOS,LW,0,1,0,0,0,0,0,0,2,2Erik Cernak\cernaer01,TBL,D,5,7,0,0,1,0,0,125,97,172Thomas Chabot\chaboth01,OTT,D,6,33,0,0,0,11,0,186,85,79Michael Chaput\chapumi01,ARI,C,0,0,0,0,0,0,0,2,2,3Zdeno Chara\charazd01,BOS,D,5,9,0,0,2,0,0,86,101,78Ben Chiarot\chiarbe01,MTL,D,9,12,0,0,3,0,0,130,128,152Alex Chiasson\chiasal01,EDM,RW,11,13,6,0,3,7,0,97,15,56Andrei Chibisov\chibian01,WPG,F,0,0,0,0,0,0,0,1,1,1Filip Chlapik\chlapfi01,OTT,C,3,3,0,0,1,0,0,27,11,71Dennis Cholowski\cholode01,DET,D,2,6,1,0,1,4,0,51,35,15Jakob Chychrun\chychja01,ARI,D,12,14,5,0,2,3,0,149,95,75Filip Chytil\chytifi01,NYR,C,14,9,1,0,2,2,0,114,31,13Anthony Cirelli\cirelan01,TBL,C,16,28,1,1,3,4,1,113,47,89Casey Cizikas\cizikca01,NYI,C,10,4,0,3,1,0,2,67,39,133Fredrik Claesson\claesfr01,NJD,D,1,1,0,0,0,0,0,1,7,5Kale Clague\claguka01,LAK,D,0,0,0,0,0,0,0,2,4,1Kyle Clifford\cliffky01,TOT,LW,7,10,0,0,0,0,0,110,15,133Kyle Clifford\cliffky01,LAK,LW,6,8,0,0,0,0,0,89,12,90Kyle Clifford\cliffky01,TOR,LW,1,2,0,0,0,0,0,21,3,43Connor Clifton\cliftco01,BOS,D,2,0,0,0,0,0,0,20,33,90Cal Clutterbuck\cluttca01,NYI,RW,3,4,0,1,0,0,1,35,38,127Braydon Coburn\coburbr01,TBL,D,1,3,0,0,0,0,0,44,28,59Andrew Cogliano\coglian01,DAL,LW,3,11,0,0,0,0,0,68,31,86Ian Cole\coleia01,COL,D,4,22,0,0,1,0,0,92,122,83Blake Coleman\colembl01,TOT,C,21,11,1,3,2,2,1,200,46,191Blake Coleman\colembl01,NJD,C,21,10,1,3,2,2,1,182,40,166Blake Coleman\colembl01,TBL,C,0,1,0,0,0,0,0,18,6,25Blake Comeau\comeabl01,DAL,RW,8,8,0,1,2,0,1,74,24,107J.T. Compher\comphj.01,COL,LW,11,20,1,0,3,4,3,106,60,36Max Comtois\comtoma01,ANA,LW,5,6,2,0,0,1,0,32,8,61Cory Conacher\conacco01,TBL,LW,0,1,0,0,0,0,0,5,1,3Kevin Connauton\connake01,COL,D,0,0,0,0,0,0,0,4,6,6Brett Connolly\connobr01,FLA,RW,19,14,4,0,3,2,0,117,17,56Kyle Connor\connoky01,WPG,LW,38,35,9,1,7,8,1,239,17,18Andrew Copp\coppan01,WPG,C,10,16,1,0,5,0,3,121,27,59Nick Cousins\cousini01,TOT,C,10,15,3,0,0,2,0,115,31,91Nick Cousins\cousini01,MTL,C,9,13,2,0,0,2,0,105,28,77Nick Cousins\cousini01,VEG,C,1,2,1,0,0,0,0,10,3,14Logan Couture\coutulo01,SJS,C,16,23,0,0,3,9,2,126,45,54Sean Couturier\coutuse01,PHI,C,22,37,4,0,4,9,0,185,26,60Charlie Coyle\coylech01,BOS,C,16,21,1,2,3,4,0,145,34,83Sidney Crosby\crosbsi01,PIT,C,16,31,4,0,4,13,0,109,17,28Lawson Crouse\crousla01,ARI,LW,15,10,0,1,3,0,0,109,29,201Austin Czarnik\czarnau01,CGY,C,2,1,1,0,0,0,0,9,2,1Kirby Dach\dachki01,CHI,C,8,15,0,0,2,3,0,101,23,33Evgenii Dadonov\dadonev01,FLA,RW,25,22,11,0,2,6,0,167,24,29Rasmus Dahlin\dahlira01,BUF,D,4,36,2,0,1,17,0,90,51,72Carl Dahlstrom\dahlsca01,WPG,D,0,1,0,0,0,0,0,9,13,5Michael Dal Colle\dalcomi01,NYI,LW,4,6,0,0,0,0,0,59,21,81Trevor Daley\daleytr01,DET,D,0,7,0,0,0,2,0,37,44,9Phillip Danault\danauph01,MTL,LW,13,34,1,0,1,3,0,131,37,119Marko Daöo\danoma01,CBJ,C,0,0,0,0,0,0,0,2,3,5Brandon Davidson\davidbr01,TOT,D,0,0,0,0,0,0,0,17,20,24Brandon Davidson\davidbr01,CGY,D,0,0,0,0,0,0,0,13,15,10Brandon Davidson\davidbr01,SJS,D,0,0,0,0,0,0,0,4,5,14Jonathan Davidsson\davidjo03,OTT,RW,0,1,0,0,0,0,0,3,1,5Calvin de Haan\dehaaca01,CHI,D,1,5,0,0,0,0,0,42,73,93Jacob de La Rose\delarja01,TOT,LW,2,7,0,0,0,0,0,46,16,120Jacob de La Rose\delarja01,STL,LW,1,4,0,0,0,0,0,31,7,88Jacob de La Rose\delarja01,DET,LW,1,3,0,0,0,0,0,15,9,32Chase De Leo\deleoch01,ANA,C,0,0,0,0,0,0,0,1,0,1Jean-Sebastien Dea\deaje01,BUF,C,0,0,0,0,0,0,0,0,0,3Anthony DeAngelo\deangan01,NYR,D,15,38,3,0,3,16,0,149,57,48Alex DeBrincat\debrial01,CHI,RW,18,27,10,0,4,6,0,207,19,58Jake Debrusk\debruja01,BOS,LW,19,16,7,0,5,3,0,161,15,35Danny DeKeyser\dekeyda01,DET,D,0,4,0,0,0,0,0,12,18,6Michael Del Zotto\delzomi01,ANA,D,2,13,0,0,0,1,0,57,55,101Dylan DeMelo\demeldy01,TOT,D,0,10,0,0,0,0,2,74,77,105Dylan DeMelo\demeldy01,OTT,D,0,10,0,0,0,0,2,64,63,94Dylan DeMelo\demeldy01,WPG,D,0,0,0,0,0,0,0,10,14,11Jason Demers\demerja01,ARI,D,0,11,0,0,0,0,1,53,70,76Travis Dermott\dermotr01,TOR,D,4,7,0,0,1,0,0,65,58,76Nicolas Deslauriers\deslani01,ANA,LW,7,6,0,0,1,0,0,64,32,137Phillip Di Giuseppe\digiuph01,NYR,LW,1,3,0,0,0,0,0,35,20,38Thomas Di Pauli\dipauth01,PIT,C,0,0,0,0,0,0,0,2,1,4Jason Dickinson\dickija01,DAL,C,9,12,0,0,1,0,1,85,55,89Brenden Dillon\dillobr01,TOT,D,1,13,0,0,0,0,1,58,74,194Brenden Dillon\dillobr01,SJS,D,1,13,0,0,0,0,1,48,67,178Brenden Dillon\dillobr01,WSH,D,0,0,0,0,0,0,0,10,7,16Christian Djoos\djoosch01,TOT,D,1,2,0,0,0,1,0,13,12,2Christian Djoos\djoosch01,ANA,D,1,2,0,0,0,1,0,12,12,2Christian Djoos\djoosch01,WSH,D,0,0,0,0,0,0,0,1,0,0Noah Dobson\dobsono01,NYI,D,1,6,0,0,0,1,0,37,31,25Max Domi\domima01,MTL,LW,17,27,1,0,3,10,0,179,13,32Ryan Donato\donatry01,MIN,C,14,9,0,0,1,2,0,95,14,53Joonas Donskoi\donskjo01,COL,RW,16,17,4,0,2,1,0,111,38,25Drew Doughty\doughdr01,LAK,D,7,28,5,0,2,9,1,141,87,106Nic Dowd\dowdni01,WSH,C,7,8,0,3,1,0,0,52,26,117Justin Dowling\dowliju01,DAL,C,3,3,0,0,1,0,0,29,12,25Leon Draisaitl\draisle01,EDM,C,43,67,16,0,10,28,0,218,19,27Sheldon Dries\driessh01,COL,C,0,0,0,0,0,0,0,2,2,16Jonathan Drouin\drouijo01,MTL,LW,7,8,1,0,1,3,0,51,5,25Dillon Dube\dubedi01,CGY,C,6,10,1,0,2,1,0,60,13,59Pierre-Luc Dubois\duboipi01,CBJ,LW,18,31,1,0,4,9,0,158,50,85Matt Duchene\duchema01,NSH,C,13,29,5,0,1,6,0,136,22,40Anthony Duclair\duclaan01,OTT,LW,23,17,5,2,2,3,0,184,39,53Mathew Dumba\dumbama01,MIN,D,6,18,1,0,1,7,1,167,88,98Gabriel Dumont\dumonga01,MIN,C,0,0,0,0,0,0,0,3,2,9Brian Dumoulin\dumoubr01,PIT,D,1,7,0,1,0,1,0,35,35,44Vince Dunn\dunnvi02,STL,D,9,14,4,0,1,6,0,138,47,50Christian Dvorak\dvorach01,ARI,C,18,20,6,0,2,4,0,134,36,39Ryan Dzingel\dzingry01,CAR,C,8,21,4,0,1,5,0,98,25,36Cody Eakin\eakinco01,TOT,C,5,10,0,0,1,1,0,61,16,49Cody Eakin\eakinco01,VEG,C,4,6,0,0,0,1,0,53,14,41Cody Eakin\eakinco01,WPG,C,1,4,0,0,1,0,0,8,2,8Jordan Eberle\eberljo01,NYI,RW,16,24,4,0,1,7,0,136,39,37Alexander Edler\edleral01,VAN,D,5,28,1,0,1,6,0,118,162,108Joel Edmundson\edmunjo01,CAR,D,7,13,0,0,0,0,0,97,91,118Nikolaj Ehlers\ehlerni01,WPG,LW,25,33,3,1,5,2,0,203,28,36Christoffer Ehn\ehnch01,DET,C,2,2,0,0,0,0,0,36,18,59Jack Eichel\eicheja01,BUF,C,36,42,11,1,9,16,0,227,42,40Aaron Ekblad\ekblaaa01,FLA,D,5,36,0,0,1,6,1,147,84,34Mattias Ekholm\ekholma01,NSH,D,8,25,0,1,2,5,1,154,100,49Oliver Ekman-Larsson\ekmanol01,ARI,D,9,21,2,1,1,5,0,135,65,129Lars Eller\ellerla01,WSH,C,16,23,2,1,1,4,1,151,44,59Ryan Ellis\ellisry01,NSH,D,8,30,2,0,3,7,0,114,96,48Deryk Engelland\engelde01,VEG,D,1,5,0,0,1,0,1,59,86,114Andreas Englund\engluan01,OTT,D,0,3,0,0,0,0,0,10,16,58Pierre Engvall\engvapi01,TOR,LW,8,7,0,1,3,0,1,72,10,29Tyler Ennis\ennisty01,TOT,C,16,21,5,0,1,5,0,159,26,96Tyler Ennis\ennisty01,OTT,C,14,19,5,0,1,5,0,139,22,76Tyler Ennis\ennisty01,EDM,C,2,2,0,0,0,0,0,20,4,20Jonathan Ericsson\ericsjo01,DET,D,0,0,0,0,0,0,0,16,14,24Loui Eriksson\erikslo01,VAN,LW,6,7,0,0,0,0,0,59,15,10Joel Eriksson Ek\eriksjo02,MIN,C,8,21,1,0,4,0,1,102,43,93Adam Erne\ernead01,DET,LW,2,3,0,0,0,0,0,63,25,142Jake Evans\evansja02,MTL,C,2,1,0,0,0,0,0,14,5,16Robby Fabbri\fabbrro01,TOT,C,15,17,6,0,3,3,0,111,14,75Robby Fabbri\fabbrro01,DET,C,14,17,6,0,3,3,0,104,13,63Robby Fabbri\fabbrro01,STL,C,1,0,0,0,0,0,0,7,1,12Dante Fabbro\fabbrda01,NSH,D,5,6,1,0,0,0,0,92,85,54Radek Faksa\faksara01,DAL,C,11,9,3,0,3,0,0,109,44,84Oscar Fantenberg\fanteos01,VAN,D,1,5,0,0,0,1,0,45,62,67Joel Farabee\farabjo01,PHI,LW,8,13,1,0,1,1,0,81,18,31Jesper Fast\fastje01,NYR,RW,12,17,0,2,1,0,0,84,53,125Justin Faulk\faulkju01,STL,D,5,11,1,0,1,2,1,147,76,82Taylor Fedun\fedunta01,DAL,D,2,7,0,0,0,0,0,40,19,16Martin Fehervary\feherma01,WSH,D,0,1,0,0,0,0,0,7,2,14Micheal Ferland\ferlami01,VAN,LW,1,4,0,0,0,0,0,15,2,40Mario Ferraro\ferrama01,SJS,D,2,9,0,0,0,0,1,63,58,120Kevin Fiala\fialake01,MIN,LW,23,31,9,0,4,9,0,175,18,25Valtteri Filppula\filppva01,DET,C,6,15,1,1,0,4,0,63,31,28Christian Fischer\fischch01,ARI,RW,6,3,0,0,1,0,0,83,22,140Cale Fleury\fleurca01,MTL,D,1,0,0,0,0,0,0,45,45,102Haydn Fleury\fleurha01,CAR,D,4,10,0,0,0,0,1,65,45,48Warren Foegele\foegewa01,CAR,LW,13,17,0,3,1,0,0,129,17,64Steven Fogarty\fogarst01,NYR,C,0,0,0,0,0,0,0,2,4,4Marcus Foligno\foligma01,MIN,LW,11,14,0,0,0,0,0,86,36,184Nick Foligno\foligni01,CBJ,LW,10,21,2,0,1,2,1,131,50,212Christian Folin\folinch01,MTL,D,1,1,0,0,0,0,0,13,21,38Derek Forbort\forbode01,TOT,D,0,1,0,0,0,0,0,22,30,35Derek Forbort\forbode01,LAK,D,0,1,0,0,0,0,0,15,17,27Derek Forbort\forbode01,CGY,D,0,0,0,0,0,0,0,7,13,8Filip Forsberg\forsbfi01,NSH,C,21,27,7,0,2,7,0,198,27,82Liam Foudy\foudyli01,CBJ,C,0,1,0,0,0,0,0,3,0,3Cam Fowler\fowleca01,ANA,D,9,20,2,0,2,6,0,117,58,25Adam Fox\foxad01,NYR,D,8,34,1,0,4,12,0,125,92,35Trent Frederic\fredetr01,BOS,C,0,0,0,0,0,0,0,1,0,8Mark Friedman\friedma01,PHI,D,0,1,0,0,0,0,0,2,5,8Martin Frk\frkma01,LAK,RW,6,2,1,0,1,0,0,26,3,14Michael Frolik\frolimi01,TOT,LW,6,8,0,2,1,0,1,70,22,32Michael Frolik\frolimi01,CGY,LW,5,5,0,1,1,0,1,44,11,19Michael Frolik\frolimi01,BUF,LW,1,3,0,1,0,0,0,26,11,13Morgan Frost\frostmo01,PHI,C,2,5,0,1,0,0,0,31,4,4Sam Gagner\gagnesa01,TOT,C,6,7,2,0,0,1,0,79,10,22Sam Gagner\gagnesa01,EDM,C,5,7,1,0,0,1,0,69,9,19Sam Gagner\gagnesa01,DET,C,1,0,1,0,0,0,0,10,1,3Alex Galchenyuk\galchal01,TOT,C,8,16,2,0,0,5,0,86,17,52Alex Galchenyuk\galchal01,PIT,C,5,12,2,0,0,4,0,65,9,32Alex Galchenyuk\galchal01,MIN,C,3,4,0,0,0,1,0,21,8,20Brendan Gallagher\gallabr01,MTL,RW,22,21,1,0,1,4,0,226,29,53Dylan Gambrell\gambrdy01,SJS,C,5,6,0,0,1,1,0,43,29,40Jake Gardiner\gardija01,CAR,D,4,20,1,0,2,10,0,87,42,43Rhett Gardner\gardnrh01,DAL,C,0,0,0,0,0,0,0,8,2,8Conor Garland\garlaco01,ARI,RW,22,17,4,0,5,6,0,158,20,26Adam Gaudette\gaudead01,VAN,C,12,21,4,0,1,8,0,75,20,29Johnny Gaudreau\gaudrjo01,CGY,LW,18,40,6,0,2,12,0,209,11,1Brendan Gaunce\gauncbr01,BOS,C,0,1,0,0,0,0,0,0,0,2Cameron Gaunce\gauncca01,TBL,D,1,3,0,0,0,0,0,5,2,5Frederik Gauthier\gauthfr01,TOR,C,7,5,0,0,0,0,0,42,23,66Julien Gauthier\gauthju01,TOT,RW,0,3,0,0,0,0,0,10,7,15Julien Gauthier\gauthju01,NYR,RW,0,2,0,0,0,0,0,9,7,11Julien Gauthier\gauthju01,CAR,RW,0,1,0,0,0,0,0,1,0,4Vladislav Gavrikov\gavrivl01,CBJ,D,5,13,0,0,1,0,0,81,92,79Morgan Geekie\geekimo01,CAR,C,3,1,0,0,0,0,0,4,4,1Nathan Gerbe\gerbena01,CBJ,C,4,6,0,0,0,0,0,55,8,46Timothy Gettinger\gettiti01,NYR,LW,0,1,0,0,0,0,0,3,1,5Ryan Getzlaf\getzlry01,ANA,C,13,29,3,0,5,6,0,143,69,125Brian Gibbons\gibbobr02,CAR,C,0,0,0,0,0,0,0,9,9,7Dennis Gilbert\gilbede01,CHI,D,1,2,0,0,0,0,0,12,33,74John Gilmour\gilmojo01,BUF,D,0,0,0,0,0,0,0,5,3,3Mark Giordano\giordma01,CGY,D,5,26,2,0,0,9,2,157,148,42Samuel Girard\girarsa01,COL,D,4,30,1,0,1,12,0,96,92,46Zemgus Girgensons\girgeze01,BUF,C,12,7,0,1,1,0,0,85,20,110Claude Giroux\giroucl01,PHI,C,21,32,7,1,6,13,1,197,16,45Cody Glass\glassco01,VEG,C,5,7,1,0,1,5,0,51,6,15Luke Glendening\glendlu01,DET,C,6,3,0,1,1,0,0,76,68,147Nikolay Goldobin\goldoni01,VAN,LW,0,0,0,0,0,0,0,0,0,1Alex Goligoski\goligal01,ARI,D,4,28,2,0,0,9,0,101,134,91Cody Goloubef\golouco01,TOT,D,1,1,0,0,0,0,0,18,24,45Cody Goloubef\golouco01,OTT,D,1,1,0,0,0,0,0,17,24,40Cody Goloubef\golouco01,DET,D,0,0,0,0,0,0,0,1,0,5Barclay Goodrow\goodrba01,TOT,RW,8,18,0,0,2,2,1,102,66,162Barclay Goodrow\goodrba01,SJS,RW,8,16,0,0,2,2,1,94,63,140Barclay Goodrow\goodrba01,TBL,RW,0,2,0,0,0,0,0,8,3,22Shayne Gostisbehere\gostish01,PHI,D,5,7,1,0,1,4,0,73,37,14Yanni Gourde\gourdya01,TBL,C,10,20,1,2,5,5,1,110,20,78Michael Grabner\grabnmi01,ARI,RW,8,3,0,1,0,0,0,61,12,21Markus Granlund\granlma01,EDM,C,3,1,0,0,1,0,0,26,18,15Mikael Granlund\granlmi01,NSH,C,17,13,4,1,4,2,0,130,55,42Derek Grant\grantde01,TOT,C,15,10,2,3,5,0,2,94,25,54Derek Grant\grantde01,ANA,C,14,6,2,3,4,0,1,81,20,44Derek Grant\grantde01,PHI,C,1,4,0,0,1,0,1,13,5,10Tyler Graovac\graovty01,VAN,C,2,0,2,0,0,0,0,5,3,6Kevin Gravel\graveke01,TOR,D,0,0,0,0,0,0,0,2,3,2Ryan Graves\gravery01,COL,D,9,17,0,0,0,0,2,134,150,112Mike Green\greenmi03,TOT,D,3,8,1,0,1,3,0,76,66,61Mike Green\greenmi03,DET,D,3,8,1,0,1,3,0,74,63,58Mike Green\greenmi03,EDM,D,0,0,0,0,0,0,0,2,3,3Andy Greene\greenan01,TOT,D,2,12,0,0,0,1,2,60,155,30Andy Greene\greenan01,NJD,D,2,9,0,0,0,0,2,49,136,27Andy Greene\greenan01,NYI,D,0,3,0,0,0,1,0,11,19,3Jordan Greenway\greenjo02,MIN,LW,8,20,0,0,1,3,0,93,44,95Noah Gregor\gregono01,SJS,C,3,2,1,0,0,1,0,33,6,50Rocco Grimaldi\grimaro01,NSH,C,10,21,0,0,1,0,0,122,14,23Jordan Gross\grossjo01,ARI,D,0,1,0,0,0,0,0,3,1,0Carl Grundstrom\grundca01,LAK,RW,0,4,0,0,0,0,0,16,4,29Matt Grzelcyk\grzelma01,BOS,D,4,17,1,0,1,6,1,112,67,56Radko Gudas\gudasra01,WSH,D,2,13,0,0,1,0,0,90,75,164Erik Gudbranson\gudbrer01,TOT,D,4,5,0,0,0,0,1,78,58,89Erik Gudbranson\gudbrer01,ANA,D,4,5,0,0,0,0,1,76,56,76Erik Gudbranson\gudbrer01,PIT,D,0,0,0,0,0,0,0,2,2,13Jake Guentzel\guentja01,PIT,C,20,23,6,0,4,4,0,127,19,46Brendan Guhle\guhlebr01,ANA,D,4,4,0,0,1,0,0,39,43,21Carl Gunnarsson\gunnaca01,STL,D,2,5,0,0,0,0,1,31,51,27Denis Gurianov\guriade01,DAL,RW,20,9,7,0,4,5,0,132,18,63Nikita Gusev\gusevni01,NJD,LW,13,31,5,0,2,10,0,158,7,12David Gustafsson\gustada01,WPG,C,1,0,0,0,1,0,0,4,6,5Erik Gustafsson\gustaer02,TOT,D,6,23,2,0,0,7,0,103,58,86Erik Gustafsson\gustaer02,CHI,D,6,20,2,0,0,6,0,98,54,81Erik Gustafsson\gustaer02,CGY,D,0,3,0,0,0,1,0,5,4,5Gaetan Haas\haasga01,EDM,F,5,5,0,0,0,1,0,54,28,58Brandon Hagel\hagelbr01,CHI,LW,0,0,0,0,0,0,0,4,1,1Carl Hagelin\hagelca01,WSH,LW,8,17,0,1,2,0,2,107,19,24Robert Hagg\haggro01,PHI,D,3,10,1,0,0,0,0,38,79,136Nicolas Hague\hagueni01,VEG,D,1,10,1,0,0,3,0,54,26,69Ron Hainsey\hainsro01,OTT,D,1,11,0,0,1,0,3,43,102,51Libor Hajek\hajekli01,NYR,D,0,5,0,0,0,0,0,23,44,24Jani Hakanpaa\hakanja01,ANA,D,1,0,0,0,0,0,0,4,7,15Micheal Haley\haleymi01,NYR,C,1,0,0,0,0,0,0,9,6,36Taylor Hall\hallta02,TOT,LW,16,36,4,0,1,14,0,232,29,47Taylor Hall\hallta02,ARI,LW,10,17,2,0,1,4,0,123,20,22Taylor Hall\hallta02,NJD,LW,6,19,2,0,0,10,0,109,9,25Dan Hamhuis\hamhuda01,NSH,D,0,8,0,0,0,0,0,44,53,64Dougie Hamilton\hamildo01,CAR,D,14,26,2,0,3,10,1,170,63,52Travis Hamonic\hamontr01,CGY,D,3,9,0,0,0,0,0,83,110,39Noah Hanifin\hanifno01,CGY,D,5,17,1,0,0,4,0,132,89,82Joel Hanley\hanlejo01,DAL,D,0,2,0,0,0,0,0,4,8,3Jansen Harkins\harkija01,WPG,C,2,5,0,0,0,0,0,29,10,8Scott Harrington\harrisc01,CBJ,D,1,7,0,0,0,0,0,37,48,46Ryan Hartman\hartmry01,MIN,RW,9,11,1,0,1,0,0,114,54,44Garnet Hathaway\hathaga01,WSH,RW,9,7,0,0,1,0,1,80,46,189Erik Haula\haulaer01,TOT,LW,12,12,4,0,2,4,0,92,15,27Erik Haula\haulaer01,CAR,LW,12,10,4,0,2,4,0,78,11,18Erik Haula\haulaer01,FLA,LW,0,2,0,0,0,0,0,14,4,9Jayce Hawryluk\hawryja01,TOT,C,3,7,0,0,0,0,0,26,9,65Jayce Hawryluk\hawryja01,FLA,C,1,2,0,0,0,0,0,10,6,32Jayce Hawryluk\hawryja01,OTT,C,2,5,0,0,0,0,0,16,3,33John Hayden\haydejo01,NJD,C,3,1,0,0,1,0,0,39,27,87Kevin Hayes\hayeske01,PHI,RW,23,18,4,4,5,3,0,175,22,88Barrett Hayton\haytoba01,ARI,C,1,3,0,0,1,0,0,27,3,14Victor Hedman\hedmavi01,TBL,D,11,44,4,0,3,18,0,155,98,73Tim Heed\heedti01,SJS,D,1,4,0,0,0,1,0,44,30,16Danton Heinen\heineda01,TOT,C,10,16,3,0,2,3,0,109,34,35Danton Heinen\heineda01,BOS,C,7,15,3,0,2,3,0,90,32,33Danton Heinen\heineda01,ANA,C,3,1,0,0,0,0,0,19,2,2Ville Heinola\heinovi01,WPG,D,1,4,0,0,0,1,0,10,5,3Miro Heiskanen\heiskmi01,DAL,D,8,27,0,0,0,7,0,163,84,40Darren Helm\helmda01,DET,C,9,7,0,1,0,0,1,102,26,88Adam Henrique\henriad01,ANA,C,26,17,5,0,1,4,0,169,32,75Tomas Hertl\hertlto01,SJS,C,16,20,2,2,1,5,0,117,25,29Joe Hicketts\hickejo01,DET,D,0,2,0,0,0,0,0,6,13,14Matthew Highmore\highmma01,CHI,LW,2,4,0,0,0,0,0,35,9,38Vinnie Hinostroza\hinosvi01,ARI,C,5,17,0,0,0,1,1,132,26,51Roope Hintz\hintzro01,DAL,LW,19,14,3,2,5,11,0,120,28,73Taro Hirose\hirosta01,DET,LW,2,5,0,0,0,5,0,21,16,13Nico Hischier\hischni01,NJD,C,14,22,2,1,1,8,1,123,37,48Niklas Hjalmarsson\hjalmni01,ARI,D,1,4,0,0,0,0,1,18,45,20Mike Hoffman\hoffmmi02,FLA,C,29,30,11,0,3,10,0,214,22,33Nick Holden\holdeni01,VEG,D,6,8,1,0,0,0,1,101,74,129Justin Holl\hollju01,TOR,D,2,16,0,0,0,0,0,89,83,89Korbinian Holzer\holzeko01,TOT,D,1,3,0,0,0,0,1,39,96,97Korbinian Holzer\holzeko01,ANA,D,1,3,0,0,0,0,1,35,85,90Korbinian Holzer\holzeko01,NSH,D,0,0,0,0,0,0,0,4,11,7Patric Hornqvist\hornqpa01,PIT,RW,17,15,3,0,2,4,0,168,41,107Bo Horvat\horvabo01,VAN,C,22,31,12,0,2,4,0,178,66,55Brett Howden\howdebr01,NYR,C,9,10,1,0,2,1,2,64,67,69Filip Hronek\hronefi01,DET,D,9,22,1,0,0,9,0,125,74,105Jonathan Huberdeau\huberjo01,FLA,LW,23,55,5,0,3,24,0,152,26,51Charles Hudon\hudonch01,MTL,LW,1,1,0,0,1,0,0,22,2,25Cameron Hughes\hugheca01,BOS,C,0,0,0,0,0,0,0,0,2,1Jack Hughes\hugheja03,NJD,C,7,14,4,0,2,5,0,123,21,12Quinn Hughes\hughequ01,VAN,D,8,45,3,0,2,22,0,126,46,7Brad Hunt\huntbr01,MIN,D,8,11,3,0,0,7,0,106,39,12Dryden Hunt\huntdr01,FLA,LW,0,4,0,0,0,0,0,33,7,37Ben Hutton\huttobe01,LAK,D,4,12,0,0,1,0,0,114,76,51Zach Hyman\hymanza01,TOR,C,21,16,3,1,1,3,0,106,23,52Alex Iafallo\iafalal01,LAK,C,17,26,6,0,3,3,0,142,47,49Matt Irwin\irwinma01,TOT,D,0,3,0,0,0,0,0,58,54,80Matt Irwin\irwinma01,NSH,D,0,2,0,0,0,0,0,40,30,53Matt Irwin\irwinma01,ANA,D,0,1,0,0,0,0,0,18,24,27Joshua Jacobs\jacobjo01,NJD,D,0,0,0,0,0,0,0,3,4,3Mark Jankowski\jankoma01,CGY,C,5,2,0,0,0,0,0,38,33,14Mattias Janmark\janmama02,DAL,C,6,15,1,1,0,4,1,86,37,22Calle Jarnkrok\jarnkca01,NSH,C,15,19,2,2,1,7,0,136,27,28Christian Jaros\jarosch01,OTT,D,0,3,0,0,0,0,1,5,12,14Boone Jenner\jennebo01,CBJ,C,11,13,2,0,1,2,1,179,80,109Nick Jensen\jenseni02,WSH,D,0,8,0,0,0,1,0,61,71,59Ryan Johansen\johanry01,NSH,C,14,22,3,1,2,6,0,101,34,39Marcus Johansson\johanma03,BUF,C,9,21,1,0,1,5,0,87,22,39Stephen Johns\johnsst03,DAL,D,2,3,0,0,0,0,0,30,20,50Adam Johnson\johnsad01,PIT,C,1,1,0,0,0,0,0,5,3,4Erik Johnson\johnser01,COL,D,3,13,0,0,1,0,0,99,115,97Jack Johnson\johnsja02,PIT,D,3,8,0,1,0,0,0,63,97,183Luke Johnson\johnslu01,MIN,C,0,0,0,0,0,0,0,1,0,6Tyler Johnson\johnsty01,TBL,C,14,17,1,0,2,6,0,113,22,62Andreas Johnsson\johnsan01,TOR,LW,8,13,4,0,1,1,0,78,21,43Ross Johnston\johnsro02,NYI,LW,3,1,0,0,0,0,0,16,14,93Henri Jokiharju\jokihhe01,BUF,D,4,11,1,0,0,1,0,78,63,74Caleb Jones\jonesca01,EDM,D,4,5,0,0,1,1,0,38,46,33Max Jones\jonesma03,ANA,LW,8,4,0,1,0,1,0,102,18,82Seth Jones\jonesse01,CBJ,D,6,24,2,0,0,7,1,126,123,62Mathieu Joseph\josepma01,TBL,RW,4,3,0,0,0,0,1,35,10,47Roman Josi\josiro01,NSH,D,16,49,4,0,1,19,0,260,108,52Tyson Jost\jostty01,COL,C,8,15,1,0,0,4,0,115,18,58Tomas Jurco\jurcoto01,EDM,RW,0,2,0,0,0,0,0,7,3,4Nazem Kadri\kadrina01,COL,C,19,17,4,0,1,7,0,133,9,61Dominik Kahun\kahundo01,TOT,C,12,19,1,0,2,1,0,87,22,5Dominik Kahun\kahundo01,PIT,C,10,17,1,0,2,1,0,79,20,5Dominik Kahun\kahundo01,BUF,C,2,2,0,0,0,0,0,8,2,0Kaapo Kakko\kakkoka01,NYR,RW,10,13,2,0,3,11,0,109,11,20Vladislav Kamenev\kamenvl01,COL,LW,1,7,0,0,1,2,0,32,16,34David Kampf\kampfda01,CHI,C,8,8,0,1,2,0,0,90,26,52Steven Kampfer\kampfst01,BOS,D,0,2,0,0,0,2,0,13,8,15Evander Kane\kaneev01,SJS,LW,26,21,14,2,6,4,0,216,25,135Patrick Kane\kanepa01,CHI,RW,33,51,8,0,2,15,0,275,19,24Kasperi Kapanen\kapanka01,TOR,RW,13,23,0,2,2,3,0,121,17,73Erik Karlsson\karlser01,SJS,D,6,34,1,1,0,12,0,120,74,26Melker Karlsson\karlsme01,SJS,C,6,6,0,0,0,0,0,56,39,38William Karlsson\karlswi01,VEG,C,15,31,2,2,1,6,3,138,38,40David Kase\kaseda01,PHI,RW,1,0,0,0,1,0,0,5,1,4Ondrej Kase\kaseon01,TOT,RW,7,17,0,1,0,2,0,144,17,13Ondrej Kase\kaseon01,ANA,RW,7,16,0,1,0,2,0,135,13,9Ondrej Kase\kaseon01,BOS,RW,0,1,0,0,0,0,0,9,4,4Zack Kassian\kassiza01,EDM,RW,15,19,0,0,1,0,0,99,8,157Martin Kaut\kautma01,COL,RW,2,1,1,0,0,0,0,13,0,9Duncan Keith\keithdu01,CHI,D,3,24,2,0,0,9,0,111,117,26Clayton Keller\kellecl01,ARI,C,17,27,2,0,2,13,0,184,13,20Joel Kellman\kellmjo01,SJS,F,3,4,0,0,1,0,1,31,18,28Adrian Kempe\kempead01,LAK,LW,11,21,2,2,2,8,2,148,17,71Michal Kempny\kempnmi01,WSH,D,3,15,0,0,0,0,0,73,72,42Alexander Kerfoot\kerfoal01,TOR,C,9,19,1,0,1,2,0,88,41,48Phil Kessel\kesseph01,ARI,RW,14,24,9,0,2,8,0,153,20,11Jujhar Khaira\khairju01,EDM,LW,6,4,0,0,1,0,0,69,30,136Alex Killorn\killoal01,TBL,C,26,23,8,0,7,5,0,130,15,59Joel Kiviranta\kivirjo01,DAL,F,1,0,0,0,0,0,0,13,3,17Oscar Klefbom\klefbos01,EDM,D,5,29,2,0,0,16,0,159,180,45John Klingberg\klingjo01,DAL,D,6,26,2,0,0,15,0,120,72,29Nikolai Knyzhov\knyzhni01,SJS,D,0,0,0,0,0,0,0,0,4,4Slater Koekkoek\koekksl01,CHI,D,1,9,0,0,1,0,0,47,58,64Mikko Koivu\koivumi01,MIN,C,4,17,1,0,0,6,1,74,33,25Otto Koivula\koivuot01,NYI,LW,0,0,0,0,0,0,0,4,4,12Keegan Kolesar\koleske01,VEG,RW,0,0,0,0,0,0,0,1,0,2Leo Komarov\komarle01,NYI,C,4,10,0,0,1,0,1,46,29,123Travis Konecny\konectr01,PHI,C,24,37,5,0,3,18,0,141,30,63Anze Kopitar\kopitan01,LAK,C,21,41,7,1,5,14,0,135,56,49Egor Korshkov\korsheg01,TOR,F,1,0,0,0,0,0,0,1,0,1Klim Kostin\kostikl01,STL,C; LW,1,0,0,0,0,0,0,5,0,6Jesperi Kotkaniemi\kotkaje01,MTL,C,6,2,1,0,0,1,0,55,16,51Ilya Kovalchuk\kovalil01,TOT,LW,10,16,2,0,3,3,0,115,23,52Ilya Kovalchuk\kovalil01,MTL,LW,6,7,1,0,3,1,0,62,11,28Ilya Kovalchuk\kovalil01,LAK,LW,3,6,1,0,0,2,0,35,9,12Ilya Kovalchuk\kovalil01,WSH,LW,1,3,0,0,0,0,0,18,3,12Chris Kreider\kreidch01,NYR,LW,24,21,9,0,5,4,0,156,42,116David Krejci\krejcda01,BOS,C,13,30,3,0,3,11,0,83,32,37Torey Krug\krugto01,BOS,D,9,40,2,0,4,26,0,144,48,36Dominik KubalÌ_k\kubaldo01,CHI,LW,30,16,4,0,3,4,0,157,17,79Nikita Kucherov\kucheni01,TBL,RW,33,52,4,0,6,21,0,210,19,37Karson Kuhlman\kuhlmka01,BOS,C,1,5,1,0,0,0,0,45,8,36Tom Kuhnhackl\kuhnhto01,NYI,RW,3,3,0,0,1,0,1,28,22,31Dean Kukan\kukande01,CBJ,D,1,4,1,0,0,0,0,51,28,24Brett Kulak\kulakbr01,MTL,D,0,7,0,0,0,0,0,101,50,59Dmitry Kulikov\kulikdm01,WPG,D,2,8,0,0,1,0,0,54,77,104Luke Kunin\kuninlu01,MIN,C,15,16,0,1,1,2,0,128,54,64Janne Kuokkanen\kuokkja01,NJD,C,0,0,0,0,0,0,0,0,0,3Sean Kuraly\kuralse01,BOS,C,6,17,0,0,0,1,1,95,31,145Evgeny Kuznetsov\kuzneev01,WSH,C,19,33,6,0,0,6,0,129,16,35Oliver Kylington\kylinol01,CGY,D,2,5,0,0,0,0,0,37,34,36Jordan Kyrou\kyroujo01,STL,C,4,5,0,0,0,1,0,39,8,8Joel L'Esperance\lespejo01,DAL,RW,1,0,0,0,0,0,0,2,1,1Kevin Labanc\labanke01,SJS,RW,14,19,3,0,3,6,0,176,24,46Andrew Ladd\laddan01,NYI,LW,1,0,0,0,0,0,0,5,0,23Paul Ladue\laduepa01,LAK,D,0,1,0,0,0,0,0,2,3,2Sam Lafferty\laffesa01,PIT,C,6,7,0,0,1,0,0,56,17,95William Lagesson\lageswi01,EDM,D,0,0,0,0,0,0,0,8,12,4Patrik Laine\lainepa01,WPG,RW,28,35,8,0,1,8,0,226,35,97Maxime Lajoie\lajoima01,OTT,D,0,0,0,0,0,0,0,3,3,2Gabriel Landeskog\landega01,COL,LW,21,23,6,0,4,9,0,145,35,86Dylan Larkin\larkidy01,DET,C,19,34,5,0,0,9,0,223,45,52Adam Larsson\larssad01,EDM,D,1,5,0,0,0,0,0,61,82,112Jacob Larsson\larssja01,ANA,D,2,9,0,0,0,0,0,58,57,34Johan Larsson\larssjo02,BUF,LW,6,12,0,0,0,0,0,60,31,85Brian Lashoff\lashobr01,DET,D,0,1,0,0,0,0,0,6,7,16Scott Laughton\laughsc01,PHI,C,13,14,0,0,2,0,0,74,26,109Jeremy Lauzon\lauzoje01,BOS,D,1,1,0,0,0,0,0,20,23,32Curtis Lazar\lazarcu01,BUF,C,5,5,0,0,0,0,1,33,24,70Nick Leddy\leddyni01,NYI,D,3,18,1,0,0,3,0,72,72,62Anders Lee\leean01,NYI,C,20,23,2,0,6,5,0,195,50,102Artturi Lehkonen\lehkoar01,MTL,LW,13,14,0,1,1,0,0,140,38,120Brendan Leipsic\leipsbr01,WSH,LW,3,8,0,0,1,1,0,49,20,57Josh Leivo\leivojo01,VAN,LW,7,12,0,0,0,5,0,69,8,17Brendan Lemieux\lemiebr01,NYR,LW,6,12,2,1,0,3,1,86,52,164Otto Leskinen\leskiot01,MTL,D,0,0,0,0,0,0,0,2,1,13Kris Letang\letankr01,PIT,D,15,29,6,0,2,9,0,177,91,101Mark Letestu\letesma01,WPG,C,0,0,0,0,0,0,0,5,5,3Maxim Letunov\letunma01,SJS,C,1,0,0,0,0,0,0,3,1,0Tyler Lewington\lewinty01,WSH,D,0,0,0,0,0,0,0,2,7,13Trevor Lewis\lewistr01,LAK,C,6,6,0,0,1,0,0,92,22,68Jakob Lilja\liljaja01,CBJ,F,2,3,0,0,0,0,0,23,25,18Timothy Liljegren\liljeti01,TOR,D,0,1,0,0,0,0,0,2,10,8Oskar Lindblom\lindbos01,PHI,LW,11,7,3,0,0,1,0,72,16,31Esa Lindell\lindees01,DAL,D,3,20,1,0,2,6,3,98,127,89Ryan Lindgren\lindgry01,NYR,D,1,13,0,0,0,0,0,47,70,94Anton Lindholm\lindhan01,COL,D,0,1,0,0,0,0,0,1,5,5Elias Lindholm\lindhel01,CGY,C,29,25,8,0,7,11,0,169,41,93Hampus Lindholm\lindhha01,ANA,D,2,20,1,0,1,7,2,109,71,34Par Lindholm\lindhpa01,BOS,C,3,3,0,0,1,0,0,35,26,23Gustav Lindstrom\lindsgu01,DET,D,0,1,0,0,0,1,0,9,15,19Bryan Little\littlbr01,WPG,RW,2,3,0,0,1,0,0,13,3,3Blake Lizotte\lizotbl01,LAK,C,6,17,2,2,0,1,1,87,22,42Adam Lowry\lowryad01,WPG,LW,4,6,0,1,1,0,1,68,22,137Milan Lucic\lucicmi01,CGY,LW,8,12,5,0,1,3,0,83,20,198Matt Luff\luffma01,LAK,RW,1,4,0,0,0,0,0,25,5,16Isac Lundestrom\lundeis01,ANA,C,0,4,0,0,0,1,0,10,8,5Eetu Luostarinen\luostee01,CAR,C,0,1,0,0,0,0,0,9,2,9Joona Luoto\luotojo01,WPG,F,0,0,0,0,0,0,0,9,8,10Ilya Lyubushkin\lyubuil01,ARI,D,0,4,0,0,0,0,0,41,53,151Olli Maatta\maattol01,CHI,D,4,13,0,0,0,0,2,80,110,119Kurtis MacDermid\macdeku01,LAK,D,3,5,0,0,0,0,1,51,43,95Mackenzie MacEachern\maceama01,STL,LW,7,3,0,0,2,0,0,63,13,82Zack MacEwen\macewza01,VAN,C,5,1,0,0,0,0,0,17,5,41Ryan MacInnis\macinry01,CBJ,C,0,1,0,0,0,0,0,13,3,8Nathan MacKinnon\mackina01,COL,C,35,58,12,0,4,19,0,318,31,51Josh Mahura\mahurjo01,ANA,D,1,3,0,0,0,0,0,11,11,2Cale Makar\makarca01,COL,D,12,38,4,0,4,15,0,121,47,45Beck Malenstyn\malenbe01,WSH,LW,0,0,0,0,0,0,0,4,1,5Denis Malgin\malgide01,TOT,C,4,8,1,0,0,0,1,50,16,35Denis Malgin\malgide01,FLA,C,4,8,1,0,0,0,1,47,13,26Denis Malgin\malgide01,TOR,C,0,0,0,0,0,0,0,3,3,9Evgeni Malkin\malkiev01,PIT,C,25,49,7,0,5,17,0,171,22,38Andrew Mangiapane\mangian01,CGY,LW,17,15,0,0,2,1,0,109,25,73Brandon Manning\mannibr01,EDM,D,1,0,0,0,0,0,0,8,6,10Josh Manson\mansojo01,ANA,D,1,8,0,0,0,0,1,64,65,113Anthony Mantha\manthan01,DET,RW,16,22,6,0,3,3,0,137,25,49Brad Marchand\marchbr03,BOS,LW,28,59,5,1,5,23,2,185,19,55Jonathan Marchessault\audymjo01,VEG,C,22,25,6,0,3,6,0,235,12,99Mason Marchment\marchma01,TOR,F,0,1,0,0,0,0,0,3,0,3Martin Marincin\marinma01,TOR,D,1,3,0,0,1,0,0,28,43,22John Marino\marinjo01,PIT,D,6,20,1,0,0,3,0,61,77,72Patrick Marleau\marlepa01,TOT,C,11,11,1,0,3,0,0,117,24,57Patrick Marleau\marlepa01,SJS,C,10,10,1,0,3,0,0,101,22,48Patrick Marleau\marlepa01,PIT,C,1,1,0,0,0,0,0,16,2,9Mitch Marner\marnemi01,TOR,RW,16,51,6,0,2,18,1,154,37,24Pat Maroon\maroopa01,TBL,LW,9,14,1,0,1,2,0,80,13,104Matt Martin\martima02,NYI,LW,5,3,0,0,2,0,0,49,24,242Alec Martinez\martial01,TOT,D,3,13,0,0,0,4,0,75,117,43Alec Martinez\martial01,LAK,D,1,7,0,0,0,2,0,59,85,32Alec Martinez\martial01,VEG,D,2,6,0,0,0,2,0,16,32,11Jordan Martinook\martijo01,CAR,LW,2,11,0,0,1,0,2,44,23,72Mike Matheson\mathemi01,FLA,D,8,12,1,0,1,1,0,104,53,44Stefan Matteau\mattest02,CBJ,LW,2,1,0,0,0,0,0,18,10,27Auston Matthews\matthau01,TOR,C,47,33,12,0,5,13,0,290,60,40Scott Mayfield\mayfisc01,NYI,D,5,8,0,0,1,0,2,98,117,93Gerald Mayhew\mayhege01,MIN,F,2,0,0,0,0,0,0,16,6,11Charlie McAvoy\mcavoch01,BOS,D,5,27,1,0,1,1,1,101,131,131Jake McCabe\mccabja01,BUF,D,3,10,0,1,1,0,0,75,90,91Jared McCann\mccanja01,PIT,C,14,21,2,0,4,4,0,150,27,89Connor McDavid\mcdavco01,EDM,C,34,63,11,0,6,32,0,212,18,37Ryan McDonagh\mcdonry01,TBL,D,1,11,0,0,0,0,1,50,101,36Brock McGinn\mcginbr01,CAR,LW,7,10,0,2,1,0,0,93,28,80Dylan McIlrath\mcilrdy01,DET,D,0,0,0,0,0,0,0,14,12,48Greg McKegg\mckeggr01,NYR,C,5,4,0,1,0,0,1,40,24,69Michael McLeod\mcleomi01,NJD,C,0,2,0,0,0,0,0,11,6,19Brayden McNabb\mcnabbr01,VEG,D,2,7,0,1,0,0,0,73,133,201Jayson Megna\megnaja01,COL,C,0,0,0,0,0,0,0,4,5,10Timo Meier\meierti01,SJS,RW,22,27,2,0,2,7,0,199,38,155Brennan Menell\menelbr01,MIN,D,0,0,0,0,0,0,0,4,4,2Nicholas Merkley\merklni01,NJD,RW,1,1,0,0,0,0,0,8,2,9Dakota Mermis\mermida01,NJD,D,1,3,0,0,0,0,0,17,21,20Jonathon Merrill\merrijo01,VEG,D,2,5,0,0,0,0,1,37,71,51Victor Mete\metevi01,MTL,D,4,7,0,0,1,1,0,57,60,20Jacob Middleton\middlja01,SJS,D,0,2,0,0,0,0,0,9,5,18Ilya Mikheyev\mikheil01,TOR,F,8,15,0,1,1,0,0,98,13,26Niko Mikkola\mikkoni01,STL,D,0,1,0,0,0,0,0,10,3,5Sonny Milano\milanso01,TOT,LW,7,16,1,0,2,2,0,75,13,26Sonny Milano\milanso01,CBJ,LW,5,13,0,0,1,1,0,64,9,25Sonny Milano\milanso01,ANA,LW,2,3,1,0,1,1,0,11,4,1Colin Miller\milleco02,BUF,D,1,10,0,0,1,3,0,79,40,87J.T. Miller\millejt01,VAN,C,27,45,9,0,3,16,2,165,38,123Casey Mittelstadt\mitteca01,BUF,C,4,5,1,0,1,1,0,34,8,11Sean Monahan\monahse01,CGY,C,22,26,8,0,5,8,0,166,22,65Brandon Montour\montobr01,BUF,D,5,13,0,0,0,2,0,86,53,60John Moore\moorejo01,BOS,D,2,1,0,0,0,0,0,33,27,36Trevor Moore\mooretr01,TOT,LW,6,4,0,0,0,0,1,60,17,60Trevor Moore\mooretr01,TOR,LW,3,2,0,0,0,0,1,41,12,53Trevor Moore\mooretr01,LAK,LW,3,2,0,0,0,0,0,19,5,7Samuel Morin\morinsa01,PHI,D,0,0,0,0,0,0,0,0,0,2Josh Morrissey\morrijo04,WPG,D,5,26,1,0,0,11,0,120,59,34Tyler Motte\mottety01,VAN,C,4,4,0,0,0,0,0,38,37,118Mirco Mueller\muellmi01,NJD,D,2,5,0,0,0,1,0,29,91,63Connor Murphy\murphco02,CHI,D,5,14,0,0,0,0,1,117,138,128Ryan Murray\murrary01,CBJ,D,2,7,0,0,0,2,0,32,50,12Jake Muzzin\muzzija01,TOR,D,6,17,0,0,1,0,1,99,110,109Philippe Myers\myersph01,PHI,D,4,12,0,0,0,0,0,78,44,80Tyler Myers\myersty01,VAN,D,6,15,1,1,1,6,0,134,108,99Vladislav Namestnikov\namesvl01,TOT,C,17,14,2,4,2,2,2,98,47,108Vladislav Namestnikov\namesvl01,OTT,C,13,12,1,4,2,2,2,85,39,93Vladislav Namestnikov\namesvl01,COL,C,4,2,1,0,0,0,0,10,6,14Vladislav Namestnikov\namesvl01,NYR,C,0,0,0,0,0,0,0,3,2,1Riley Nash\nashri02,CBJ,C,5,9,0,1,1,0,0,64,36,68James Neal\nealja01,EDM,LW,19,12,12,0,2,5,0,112,17,88Martin Necas\necasma01,CAR,C,16,20,5,0,3,4,0,88,19,65Brock Nelson\nelsobr01,NYI,C,26,28,4,0,5,3,0,175,44,49Patrik Nemeth\nemetpa01,DET,D,1,8,0,0,1,0,1,89,92,80Aaron Ness\nessaa01,ARI,D,0,1,0,0,0,0,0,11,20,17Valeri Nichushkin\nichuva01,COL,RW,13,14,1,1,3,0,0,113,22,84Nino Niederreiter\niedeni01,CAR,RW,11,18,4,0,2,7,0,115,19,52Frans Nielsen\nielsfr01,DET,C,4,5,0,1,0,2,1,86,35,44Matthew Nieto\nietoma01,COL,LW,8,13,0,2,3,0,0,85,23,37Boo Nieves\nievecr01,NYR,C,0,0,0,0,0,0,0,2,2,3Sami Niku\nikusa01,WPG,D,0,5,0,0,0,0,0,27,19,16Matt Niskanen\niskama01,PHI,D,8,25,4,1,0,9,0,126,84,124Stefan Noesen\noesest01,TOT,RW,7,2,1,0,2,0,0,67,17,74Stefan Noesen\noesest01,SJS,RW,6,2,1,0,2,0,0,59,16,64Stefan Noesen\noesest01,PIT,RW,1,0,0,0,0,0,0,8,1,10Joakim Nordstrom\nordsjo02,BOS,C,4,3,0,0,0,0,0,49,31,91Joshua Norris\norrijo01,OTT,C,0,0,0,0,0,0,0,9,2,3Tomas Nosek\nosekto01,VEG,C,8,7,0,1,1,0,0,93,38,91Ryan Nugent-Hopkins\nugenry01,EDM,C,22,39,7,0,4,17,0,172,44,33Darnell Nurse\nurseda01,EDM,D,5,28,0,0,1,5,0,170,141,172Markus Nutivaara\nutivma01,CBJ,D,3,6,0,0,0,1,0,47,33,35Joakim Nygard\nygarjo01,EDM,F,3,6,1,0,0,0,0,39,8,18Alexander Nylander\nylanal01,CHI,LW,10,16,0,0,1,2,0,94,14,29William Nylander\nylanwi01,TOR,C,31,28,9,0,7,8,0,197,14,9Gustav Nyquist\nyquigu01,CBJ,RW,15,27,3,1,3,6,0,151,26,37Logan O'Connor\oconnlo01,COL,RW,2,0,0,0,1,0,0,15,8,20Ryan O'Reilly\oreilry01,STL,C,12,49,2,1,3,16,0,118,42,16Jordan Oesterle\oestejo01,ARI,D,3,10,0,0,0,2,0,69,88,48Kyle Okposo\okposky01,BUF,RW,9,10,1,0,2,0,0,82,15,55Jamie Oleksiak\oleksja01,DAL,D,3,7,0,0,1,0,0,76,59,153Mathieu Olivier\olivima01,NSH,F,0,1,0,0,0,0,0,6,1,17Gustav Olofsson\olofsgu01,MTL,D,0,0,0,0,0,0,0,2,6,1Victor Olofsson\olofsvi01,BUF,RW,20,22,11,0,4,6,0,127,16,10Dmitry Orlov\orlovdm01,WSH,D,4,23,1,0,2,4,1,105,82,106T.J. Oshie\oshietj01,WSH,C,26,23,10,0,4,2,0,133,58,90Xavier Ouellet\ouellxa01,MTL,D,0,2,0,0,0,0,0,8,15,24Alex Ovechkin\ovechal01,WSH,LW,48,19,13,0,3,5,0,311,30,184Max Pacioretty\pacioma01,VEG,LW,32,34,8,0,5,11,0,307,35,90Jean-Gabriel Pageau\pageaje01,TOT,C,26,16,5,3,5,5,3,151,53,128Jean-Gabriel Pageau\pageaje01,OTT,C,24,16,4,3,5,5,3,135,48,116Jean-Gabriel Pageau\pageaje01,NYI,C,2,0,1,0,0,0,0,16,5,12Ondrej Palat\palaton01,TBL,LW,17,24,4,1,2,4,0,128,61,145Kyle Palmieri\palmiky01,NJD,RW,25,20,11,0,3,7,0,155,36,74Artemi Panarin\panarar01,NYR,LW,32,63,7,0,4,17,0,209,18,25Richard Panik\panikri01,WSH,RW,9,13,0,0,1,0,0,67,19,75Cedric Paquette\paquece01,TBL,C,7,11,0,1,0,0,1,78,49,175Colton Parayko\parayco01,STL,D,10,18,3,0,1,2,1,162,106,87Zach Parise\parisza01,MIN,LW,25,21,12,1,4,6,0,155,38,27David Pastrnak\pastrda01,BOS,RW,48,47,20,0,10,18,0,279,22,47Greg Pateryn\patergr01,MIN,D,0,3,0,0,0,0,0,22,30,25Nick Paul\paulni01,OTT,LW,9,11,0,0,2,1,0,103,39,122Joe Pavelski\paveljo01,DAL,C,14,17,6,0,3,5,1,125,52,62Tanner Pearson\pearsta01,VAN,LW,21,24,3,2,3,7,1,164,40,96Matthew Peca\pecama01,TOT,C,0,2,0,0,0,0,0,7,4,15Matthew Peca\pecama01,OTT,C,0,2,0,0,0,0,0,3,3,12Matthew Peca\pecama01,MTL,C,0,0,0,0,0,0,0,4,1,3Andrew Peeke\peekean01,CBJ,D,1,2,0,0,0,0,0,23,21,25Adam Pelech\pelecad01,NYI,D,1,8,0,0,0,0,2,49,83,81Brendan Perlini\perlibr01,TOT,LW,1,3,0,0,0,0,0,48,10,22Brendan Perlini\perlibr01,DET,LW,1,3,0,0,0,0,0,47,10,21Brendan Perlini\perlibr01,CHI,LW,0,0,0,0,0,0,0,1,0,1Mathieu Perreault\perrema01,WPG,C,7,8,2,0,0,0,0,71,19,69David Perron\perroda01,STL,LW,25,35,9,0,9,18,0,166,19,67Corey Perry\perryco01,DAL,RW,5,16,1,0,0,6,0,77,33,60Joel Persson\perssjo02,EDM,D,0,2,0,0,0,0,0,17,10,6Brett Pesce\pescebr01,CAR,D,4,14,0,0,0,0,2,104,91,22Nic Petan\petanni01,TOR,C,0,3,0,0,0,0,0,19,4,7Jeff Petry\petryje01,MTL,D,11,29,3,1,3,9,0,158,79,177Elias Pettersson\petteel01,VAN,C,27,39,8,0,5,16,0,162,42,63Marcus Pettersson\pettema01,PIT,D,2,20,0,0,0,2,0,79,84,106Alex Pietrangelo\pietral01,STL,D,16,36,6,0,3,16,1,225,89,47Lawrence Pilut\pilutla01,BUF,D,0,0,0,0,0,0,0,6,19,10Neal Pionk\pionkne01,WPG,D,6,39,3,0,1,22,0,177,78,165Brandon Pirri\pirribr01,VEG,C,0,2,0,0,0,0,0,24,5,16Tyler Pitlick\pitlity01,PHI,C,8,12,0,0,1,0,0,76,42,132Ryan Poehling\poehlry01,MTL,C,1,1,0,0,0,0,0,26,10,38Austin Poganski\poganau01,STL,RW,0,0,0,0,0,0,0,0,0,0Brayden Point\pointbr01,TBL,C,25,39,8,0,4,5,0,141,30,24Roman Polak\polakro01,DAL,D,0,4,0,0,0,0,0,34,94,104Tucker Poolman\poolmtu01,WPG,D,4,12,0,1,1,0,0,64,59,58Derrick Pouliot\poulide01,STL,D,0,0,0,0,0,0,0,1,1,2Nikolai Prokhorkin\prokhni01,LAK,LW,4,10,0,0,1,3,0,63,7,38Dalton Prout\proutda01,SJS,D,0,0,0,0,0,0,0,2,3,3Ivan Provorov\provoiv01,PHI,D,13,23,7,0,3,9,1,150,111,84Ryan Pulock\pulocry01,NYI,D,10,25,3,0,3,5,0,163,139,110Mark Pysyk\pysykma01,FLA,D,9,9,0,0,1,0,0,64,38,47John Quenneville\quennjo02,CHI,C,0,0,0,0,0,0,0,14,3,21Alan Quine\quineal01,CGY,C,1,0,0,0,0,0,0,12,2,6Gage Quinney\quinnga01,VEG,F,0,1,0,0,0,0,0,2,0,2Lukas Radil\radillu01,SJS,C,0,0,0,0,0,0,0,12,2,16Alexander Radulov\radulal01,DAL,RW,15,19,7,0,3,3,0,132,42,48Michael Raffl\rafflmi01,PHI,LW,8,12,0,1,2,1,0,66,25,73Rickard Rakell\rakelri01,ANA,RW,15,27,3,0,2,6,3,186,29,81Mikko Rantanen\rantami01,COL,RW,19,22,8,0,5,6,0,107,23,28Victor Rask\raskvi01,MIN,C,5,8,0,0,2,0,0,38,8,26Ryan Reaves\reavery01,VEG,RW,8,7,0,0,1,0,0,61,24,316Mike Reilly\reillmi01,TOT,D,1,15,1,0,1,8,1,85,46,39Mike Reilly\reillmi01,OTT,D,1,11,1,0,1,8,1,64,33,27Mike Reilly\reillmi01,MTL,D,0,4,0,0,0,0,0,21,13,12Sam Reinhart\reinhsa01,BUF,C,22,28,5,0,2,7,0,144,27,36Anthony Richard\richaan01,NSH,C,0,0,0,0,0,0,0,2,0,0Brad Richardson\richabr02,ARI,C,6,5,0,1,3,0,1,76,44,77Tobias Rieder\riedeto01,CGY,C,4,6,0,1,0,0,1,77,26,30Morgan Rielly\riellmo01,TOR,D,3,24,0,0,2,7,0,123,67,38Juuso Riikola\riikoju01,PIT,D,1,6,0,0,0,2,0,38,24,74Zac Rinaldo\rinalza01,CGY,C,3,2,0,0,2,0,0,19,8,69Rasmus Ristolainen\ristora01,BUF,D,6,27,2,0,0,7,1,128,82,203Brett Ritchie\ritchbr01,BOS,RW,2,4,0,0,1,1,0,34,3,89Nick Ritchie\ritchni01,TOT,LW,9,12,2,0,2,1,0,78,17,102Nick Ritchie\ritchni01,ANA,LW,8,11,2,0,2,1,0,70,13,79Nick Ritchie\ritchni01,BOS,LW,1,1,0,0,0,0,0,8,4,23Jason Robertson\roberja01,DAL,LW,0,1,0,0,0,1,0,4,0,1Buddy Robinson\robinbu01,CGY,RW,1,0,0,0,0,0,0,6,5,14Eric Robinson\robiner01,CBJ,LW,7,5,0,0,3,0,0,69,15,79Evan Rodrigues\rodriev01,TOT,C,6,4,1,0,1,0,0,75,15,24Evan Rodrigues\rodriev01,BUF,C,5,4,1,0,1,0,0,64,13,20Evan Rodrigues\rodriev01,PIT,C,1,0,0,0,0,0,0,11,2,4Kevin Rooney\rooneke01,NJD,C,4,5,0,2,0,0,1,59,32,64Calle Rosen\rosenca01,TOT,D,0,3,0,0,0,0,0,14,7,3Calle Rosen\rosenca01,COL,D,0,2,0,0,0,0,0,10,5,3Calle Rosen\rosenca01,TOR,D,0,1,0,0,0,0,0,4,2,0Jack Roslovic\rosloja01,WPG,C,12,17,1,0,0,1,0,117,21,58Antoine Roussel\roussan01,VAN,LW,7,6,1,0,1,1,0,55,14,44Carter Rowney\rowneca01,ANA,RW,8,11,0,2,1,0,2,63,42,189Matt Roy\royma04,LAK,D,4,14,0,0,0,1,0,112,100,132Nicolas Roy\royni01,VEG,C,5,5,1,0,1,0,0,42,7,39German Rubtsov\rubtsge01,PHI,C,0,0,0,0,0,0,0,1,4,4Chad Ruhwedel\ruhwech01,PIT,D,2,4,0,0,0,0,0,44,25,74Kris Russell\russekr01,EDM,D,0,9,0,0,0,0,1,45,101,71Patrick Russell\russepa01,EDM,RW,0,5,0,0,0,0,0,58,25,64Bryan Rust\rustbr01,PIT,RW,27,29,8,1,4,9,1,151,35,71Jan Rutta\ruttaja02,TBL,D,1,6,0,0,0,0,0,43,21,19Bobby Ryan\ryanbo01,OTT,LW,5,3,0,0,0,0,0,43,13,41Derek Ryan\ryande01,CGY,C,10,19,1,1,0,3,1,102,34,12Joakim Ryan\ryanjo02,LAK,D,1,4,0,0,0,0,0,54,46,24Brandon Saad\saadbr01,CHI,LW,21,12,1,2,5,0,0,140,19,36Aleksi Saarela\saareal01,FLA,C,2,2,0,0,0,1,0,15,3,1Scott Sabourin\sabousc01,OTT,F,2,4,0,0,0,0,0,29,13,74Miikka Salomaki\salommi01,NSH,RW,1,0,0,0,1,0,0,2,3,9Rasmus Sandin\sandira01,TOR,D,1,7,0,0,1,2,0,22,22,33Zach Sanford\sanfoza01,STL,LW,16,14,1,0,3,0,0,90,32,109Travis Sanheim\sanhetr01,PHI,D,8,17,0,0,0,4,0,110,79,41Steven Santini\santist01,NSH,D,0,0,0,0,0,0,0,1,0,3Ashton Sautner\sautnas01,VAN,D,0,0,0,0,0,0,0,1,0,0David Savard\savarda01,CBJ,D,0,11,0,0,0,2,0,97,163,129Luca Sbisa\sbisalu01,WPG,D,2,8,0,0,0,0,0,49,71,91Marco Scandella\scandma01,TOT,D,4,9,0,0,0,0,0,77,60,78Marco Scandella\scandma01,BUF,D,3,6,0,0,0,0,0,39,34,38Marco Scandella\scandma01,MTL,D,1,2,0,0,0,0,0,21,19,25Marco Scandella\scandma01,STL,D,0,1,0,0,0,0,0,17,7,15Colton Sceviour\scevico01,FLA,C,6,10,0,0,0,0,0,114,72,91Tim Schaller\schalti01,TOT,LW,5,1,0,1,0,0,0,49,28,51Tim Schaller\schalti01,VAN,LW,5,1,0,1,0,0,0,48,28,49Tim Schaller\schalti01,LAK,LW,0,0,0,0,0,0,0,1,0,2Mark Scheifele\scheima01,WPG,C,29,44,10,0,6,10,0,170,49,34Brayden Schenn\schenbr01,STL,C,25,33,10,0,4,11,0,138,21,119Luke Schenn\schenlu01,TBL,D,1,2,0,0,0,0,0,31,21,83Nick Schmaltz\schmani01,ARI,C,11,34,2,0,2,11,0,95,35,12Nate Schmidt\schmina01,VEG,D,7,24,1,0,0,6,0,112,91,25Justin Schultz\schulju01,PIT,D,3,9,0,0,0,6,0,86,50,36Jaden Schwartz\schwaja01,STL,C,22,35,9,0,4,11,0,162,28,60Brent Seabrook\seabrbr01,CHI,D,3,1,1,0,1,0,0,40,61,52Nick Seeler\seeleni01,TOT,D,0,1,0,0,0,0,0,5,21,19Nick Seeler\seeleni01,MIN,D,0,0,0,0,0,0,0,4,9,5Nick Seeler\seeleni01,CHI,D,0,1,0,0,0,0,0,1,12,14Tyler Seguin\seguity01,DAL,C,17,33,3,0,6,12,0,245,31,90Andrej Sekera\sekeran01,DAL,D,2,6,0,1,0,0,0,63,75,34Brett Seney\seneybr01,NJD,LW,0,0,0,0,0,0,0,1,0,2Zachary Senyshyn\senysza01,BOS,RW,0,2,0,0,0,0,0,1,1,2Mikhail Sergachev\sergami01,TBL,D,10,24,5,1,0,8,0,118,99,106Damon Severson\severda01,NJD,D,8,23,3,0,2,7,0,114,97,81Michael Sgarbossa\sgarbmi01,WSH,C,0,0,0,0,0,0,0,1,0,3Kevin Shattenkirk\shattke01,TBL,D,8,26,1,0,0,6,0,131,66,62Andrew Shaw\shawan01,CHI,C,3,7,1,0,0,1,0,46,9,74Logan Shaw\shawlo01,WPG,RW,3,2,0,0,0,1,0,20,13,24Riley Sheahan\sheahri01,EDM,C,8,7,0,1,1,0,1,70,33,26Conor Sheary\shearco01,TOT,LW,10,13,1,0,1,2,0,102,26,28Conor Sheary\shearco01,BUF,LW,9,10,1,0,1,2,0,88,24,25Conor Sheary\shearco01,PIT,LW,1,3,0,0,0,0,0,14,2,3Kiefer Sherwood\sherwki01,ANA,RW,0,1,0,0,0,0,0,17,4,24Kole Sherwood\sherwko01,CBJ,RW,0,0,0,0,0,0,0,6,1,10Devin Shore\shorede01,TOT,C,5,7,0,0,1,2,0,50,14,52Devin Shore\shorede01,ANA,C,4,6,0,0,1,2,0,47,13,47Devin Shore\shorede01,CBJ,C,1,1,0,0,0,0,0,3,1,5Nick Shore\shoreni01,TOT,C,3,3,0,0,0,0,0,45,20,55Nick Shore\shoreni01,WPG,C,1,2,0,0,0,0,0,38,13,38Nick Shore\shoreni01,TOR,C,2,1,0,0,0,0,0,7,7,17Jonas Siegenthaler\siegejo01,WSH,D,2,7,0,0,1,0,0,49,105,51Dylan Sikura\sikurdy01,CHI,C,1,2,0,0,0,0,0,10,2,0Jakob Silfverberg\silfvja01,ANA,LW,21,18,4,2,1,3,0,155,41,28Radim Simek\simekra01,SJS,D,2,7,0,0,0,0,0,40,60,91Wayne Simmonds\simmowa01,TOT,RW,8,17,5,0,1,4,0,119,29,145Wayne Simmonds\simmowa01,NJD,RW,8,16,5,0,1,4,0,110,26,128Wayne Simmonds\simmowa01,BUF,RW,0,1,0,0,0,0,0,9,3,17Dominik Simon\simondo01,PIT,C,7,15,0,0,0,1,0,102,20,57Colton Sissons\sissoco01,NSH,C,9,6,0,1,2,0,0,52,41,84Jeff Skinner\skinnje01,BUF,LW,14,9,0,0,1,3,0,183,11,29Brady Skjei\skjeibr01,TOT,D,8,16,0,0,1,0,2,139,96,103Brady Skjei\skjeibr01,NYR,D,8,15,0,0,1,0,2,124,91,99Brady Skjei\skjeibr01,CAR,D,0,1,0,0,0,0,0,15,5,4Jaccob Slavin\slavija01,CAR,D,6,30,0,0,3,3,1,145,107,43Brendan Smith\smithbr05,NYR,D,3,5,0,1,0,0,1,45,41,90Craig Smith\smithcr01,NSH,C,18,13,4,0,2,3,0,184,19,60Dalton Smith\smithda03,BUF,LW,0,0,0,0,0,0,0,0,0,0Gemel Smith\smithge02,TBL,C,1,0,0,0,0,0,0,1,2,1Givani Smith\smithgi01,DET,RW,2,1,0,0,0,0,0,22,3,42Reilly Smith\smithre01,VEG,RW,27,27,3,2,6,2,2,169,30,55Zack Smith\smithza01,CHI,C,4,7,0,1,1,0,1,43,18,112Vladimir Sobotka\sobotvl01,BUF,C,1,2,0,0,0,0,0,23,7,26Carl Soderberg\soderca01,ARI,C,17,18,6,0,1,5,0,135,41,77Marcus Sorensen\sorenma01,SJS,RW,7,11,0,1,0,0,0,78,18,56Carson Soucy\soucyca01,MIN,D,7,7,0,1,1,0,0,61,50,69Jason Spezza\spezzja01,TOR,C,9,16,2,0,0,5,0,73,19,13Daniel Sprong\spronda01,ANA,RW,1,1,1,0,0,0,0,17,3,4Jared Spurgeon\spurgja01,MIN,D,12,20,3,0,2,10,0,112,102,61Eric Staal\staaler01,MIN,C,19,28,5,0,5,9,0,113,22,24Jordan Staal\staaljo01,CAR,C,8,19,2,0,0,1,0,125,36,149Marc Staal\staalma01,NYR,D,2,9,0,0,0,0,0,46,76,69Steven Stamkos\stamkst01,TBL,C,29,37,10,0,6,9,0,176,38,69Paul Stastny\stastpa01,VEG,C,17,21,5,0,3,5,1,136,32,63Troy Stecher\stechtr01,VAN,D,5,12,0,0,0,0,0,86,70,69Sam Steel\steelsa01,ANA,C,6,16,1,0,1,7,0,85,25,24Alex Steen\steenal01,STL,C,7,10,0,0,0,1,0,71,47,26Kevin Stenlund\stenlke01,CBJ,C,6,4,3,0,1,2,0,57,22,19Derek Stepan\stepade01,ARI,C,10,18,1,1,2,6,0,158,54,43Mitchell Stephens\stephmi01,TBL,C,3,3,0,0,0,0,0,43,9,36Chandler Stephenson\stephch02,TOT,C,11,15,1,2,5,1,1,73,32,52Chandler Stephenson\stephch02,VEG,C,8,14,1,2,3,1,0,55,20,32Chandler Stephenson\stephch02,WSH,C,3,1,0,0,2,0,1,18,12,20Chris Stewart\stewach02,PHI,RW,0,1,0,0,0,0,0,5,4,35Riley Stillman\stillri01,FLA,D,0,5,0,0,0,0,0,39,57,59Mark Stone\stonema01,VEG,RW,21,42,6,0,3,11,1,168,51,56Michael Stone\stonemi01,CGY,D,2,5,0,0,0,0,0,57,54,52Anton Stralman\stralan01,FLA,D,5,14,0,0,3,0,1,89,96,68Ben Street\streebe01,NJD,C,0,1,0,0,0,0,0,4,0,3Dylan Strome\stromdy01,CHI,C,12,26,2,0,2,6,0,97,29,23Ryan Strome\stromry01,NYR,C,18,41,3,0,3,14,1,154,32,45Jack Studnicka\studnja01,BOS,C,0,1,0,0,0,0,0,3,0,2Nico Sturm\sturmni01,MIN,C,0,2,0,0,0,0,0,2,5,6P.K. Subban\subbapk01,NJD,D,7,11,2,0,3,4,0,151,90,88C.J. Suess\frankcl01,WPG,LW,0,0,0,0,0,0,0,0,0,1Oskar Sundqvist\sundqos01,STL,C,12,11,0,1,1,0,1,97,26,60Antti Suomela\suomean01,SJS,C,1,6,0,0,0,0,0,18,5,27Ryan Suter\suterry01,MIN,D,8,40,2,0,2,16,0,111,93,48Brandon Sutter\suttebr03,VAN,C,8,9,1,0,0,2,0,76,15,18Nick Suzuki\suzukni01,MTL,C,13,28,6,0,1,8,0,138,32,64Andrei Svechnikov\svechan01,CAR,RW,24,37,6,0,5,14,0,183,27,116Evgeny Svechnikov\svechev01,DET,LW,0,0,0,0,0,0,0,7,1,5Jordan Szwarz\szwarjo01,OTT,RW,0,0,0,0,0,0,0,2,1,6Brandon Tanev\tanevbr01,PIT,LW,11,14,0,2,4,1,1,95,65,244Chris Tanev\tanevch01,VAN,D,2,18,0,0,1,1,1,45,159,32Vladimir Tarasenko\tarasvl01,STL,RW,3,7,1,0,0,2,0,26,7,17Tomas Tatar\tatarto01,MTL,C,22,39,8,0,1,6,0,162,24,79John Tavares\tavarjo01,TOR,C,26,34,7,0,4,14,0,197,31,32Matt Tennyson\tennyma01,NJD,D,0,3,0,0,0,0,0,14,18,27Teuvo Teravainen\teravte01,CAR,F,15,48,4,1,1,17,3,182,30,18Troy Terry\terrytr01,ANA,C,4,11,0,0,0,2,0,73,9,3Alexandre Texier\texieal01,CBJ,C,6,7,0,0,1,1,0,49,7,20Shea Theodore\theodsh01,VEG,D,13,33,1,1,4,15,0,219,69,20Robert Thomas\thomaro01,STL,C,10,32,1,0,2,6,0,87,13,13Nate Thompson\thompna01,TOT,C,4,11,0,0,1,0,1,67,50,118Nate Thompson\thompna01,MTL,C,4,10,0,0,1,0,1,62,41,103Nate Thompson\thompna01,PHI,C,0,1,0,0,0,0,0,5,9,15Tage Thompson\thompta01,BUF,C,0,0,0,0,0,0,0,0,0,2Joe Thornton\thornjo01,SJS,C,7,24,3,0,1,5,0,76,29,20Calvin Thurkauf\thurkca01,CBJ,C,0,0,0,0,0,0,0,1,0,5Chris Tierney\tiernch01,OTT,C,11,26,1,4,2,1,1,102,37,44Dmytro Timashov\timasdm01,TOT,LW,4,5,0,0,1,0,0,37,11,93Dmytro Timashov\timasdm01,TOR,LW,4,5,0,0,1,0,0,34,10,83Dmytro Timashov\timasdm01,DET,LW,0,0,0,0,0,0,0,3,1,10Conor Timmins\timmico01,COL,D,0,0,0,0,0,0,0,1,0,0Jarred Tinordi\tinorja01,NSH,D,1,4,0,0,0,0,1,20,36,71Brady Tkachuk\tkachbr01,OTT,LW,21,23,2,0,3,6,0,259,43,303Matthew Tkachuk\tkachma01,CGY,LW,23,38,5,0,4,14,0,188,22,122Devon Toews\toewsde01,NYI,D,6,22,1,0,1,5,0,122,75,55Jonathan Toews\toewsjo01,CHI,C,18,42,1,1,3,7,0,172,35,56Tyler Toffoli\toffoty01,TOT,C,24,20,5,0,4,5,0,203,16,48Tyler Toffoli\toffoty01,LAK,C,18,16,4,0,3,3,0,165,14,33Tyler Toffoli\toffoty01,VAN,C,6,4,1,0,1,2,0,38,2,15Dominic Toninato\tonindo01,FLA,C,4,7,0,0,0,0,0,38,28,57Yakov Trenin\treniya01,NSH,C,2,4,0,0,0,0,0,25,9,46Vincent Trocheck\trochvi01,TOT,C,11,27,1,1,2,6,0,141,37,101Vincent Trocheck\trochvi01,FLA,C,10,26,0,1,1,5,0,129,33,83Vincent Trocheck\trochvi01,CAR,C,1,1,1,0,1,1,0,12,4,18Zach Trotman\trotmza01,PIT,D,0,0,0,0,0,0,0,11,10,21Jacob Trouba\troubja01,NYR,D,7,20,4,0,1,4,2,168,128,173Alexander True\trueal01,SJS,F,0,4,0,0,0,0,0,12,2,23Alex Tuch\tuchal01,VEG,RW,8,9,3,0,2,4,0,98,20,58Kyle Turris\turriky01,NSH,C,9,22,2,0,4,8,0,88,25,18Carsen Twarynski\twaryca01,PHI,F,1,0,0,0,0,0,0,14,8,40T.J. Tynan\tynant.01,COL,C,0,1,0,0,0,0,0,7,3,7Urho Vaakanainen\vaakaur01,BOS,D,0,0,0,0,0,0,0,2,3,8James van Riemsdyk\vanrija01,PHI,LW,19,21,4,0,2,5,0,151,18,25Trevor van Riemsdyk\vanritr01,CAR,D,1,7,0,0,0,0,0,58,37,21Sami Vatanen\vatansa01,NJD,D,5,18,1,0,0,9,1,95,80,50Frank Vatrano\vatrafr01,FLA,LW,16,18,2,2,4,0,0,162,43,102Lukas Vejdemo\vejdelu01,MTL,C,1,0,0,0,0,0,0,7,3,8Carter Verhaeghe\verhaca01,TBL,C,9,4,1,0,1,0,0,57,8,29Max Veronneau\veronma01,OTT,RW,0,0,0,0,0,0,0,3,2,2Jimmy Vesey\veseyji02,BUF,LW,9,11,0,1,2,1,0,93,20,43Gabriel Vilardi\vilarga01,LAK,C,3,4,1,0,0,1,0,19,4,1Jake Virtanen\virtaja01,VAN,RW,18,18,6,0,6,3,0,150,28,102Marc-Edouard Vlasic\vlasima01,SJS,D,5,10,0,1,1,0,0,74,97,37Alexander Volkov\volkoal01,TBL,RW,0,1,0,0,0,0,0,7,2,10Jakub Voracek\voracja01,PHI,RW,12,44,4,0,3,13,0,132,21,17Mikhail Vorobyev\vorobmi01,PHI,C,1,2,0,0,0,0,0,15,3,4Jakub Vrana\vranaja01,WSH,LW,25,27,1,0,6,11,0,187,16,29Austin Wagner\wagneau01,LAK,LW,6,5,0,0,0,0,0,124,19,145Chris Wagner\wagnech01,BOS,C,6,4,0,1,0,0,0,78,31,192Oliver Wahlstrom\wahlsol01,NYI,RW,0,0,0,0,0,0,0,9,4,10Nathan Walker\walkena01,STL,C,1,1,0,0,0,0,0,6,1,10Sean Walker\walkese01,LAK,D,5,19,0,0,0,5,0,127,84,81Lucas Wallmark\wallmlu01,TOT,C,12,13,3,0,0,3,1,84,26,57Lucas Wallmark\wallmlu01,CAR,C,11,12,3,0,0,3,1,79,21,48Lucas Wallmark\wallmlu01,FLA,C,1,1,0,0,0,0,0,5,5,9Jake Walman\walmaja01,STL,D,0,0,0,0,0,0,0,1,1,0Austin Watson\watsoau01,NSH,LW,6,8,0,0,1,0,2,50,48,131Jordan Weal\wealjo01,MTL,C,8,7,2,0,2,3,0,86,21,32Shea Weber\webersh01,MTL,D,15,21,3,0,2,5,0,185,114,112Yannick Weber\weberya01,NSH,D,1,2,0,0,1,0,0,45,38,37Anton Wedin\wedinan01,CHI,F,0,0,0,0,0,0,0,2,1,5MacKenzie Weegar\weegama01,FLA,D,7,11,0,0,1,0,0,77,71,76Dale Weise\weiseda01,MTL,RW,1,4,0,0,0,0,0,15,10,70Alexander Wennberg\wennbal01,CBJ,C,5,17,1,0,1,4,0,72,31,21Zach Werenski\werenza01,CBJ,D,20,21,5,1,4,8,0,187,58,36Blake Wheeler\wheelbl01,WPG,RW,22,43,4,1,2,18,1,180,51,102Colin White\whiteco02,OTT,C,7,16,1,0,0,3,0,83,30,47Colton White\whiteco03,NJD,D,0,0,0,0,0,0,0,2,4,3Zach Whitecloud\whiteza01,VEG,D,0,1,0,0,0,0,0,9,16,10Justin Williams\williju01,CAR,RW,8,3,2,0,2,1,0,60,7,20Colin Wilson\wilsoco01,COL,C,0,4,0,0,0,0,0,12,2,8Scott Wilson\wilsosc01,BUF,C,1,1,0,0,0,0,0,8,0,3Tom Wilson\wilsoto01,WSH,RW,21,23,5,1,5,2,1,154,58,253Luke Witkowski\witkolu01,TBL,D,1,2,0,0,0,0,0,10,3,38Christian Wolanin\wolanch01,OTT,D,0,0,0,0,0,0,0,4,4,0Miles Wood\woodmi01,NJD,LW,11,12,0,0,1,0,0,141,26,102Kailer Yamamoto\yamamka01,EDM,RW,11,15,2,0,0,0,0,44,13,45Keith Yandle\yandlke01,FLA,D,5,40,2,0,0,19,0,129,51,18Alexander Yelesin\yelesal01,CGY,D,0,0,0,0,0,0,0,2,0,13Danil Yurtaykin\yurtada01,SJS,F,0,0,0,0,0,0,0,2,2,3Pavel Zacha\zachapa01,NJD,C,8,24,3,2,1,5,2,97,19,62Filip Zadina\zadinfi01,DET,RW,8,7,4,0,1,3,0,60,10,11Nikita Zadorov\zadorni01,COL,D,4,9,0,0,0,0,0,65,66,175Nikita Zaitsev\zaitsni01,OTT,D,1,11,0,0,0,0,0,64,121,108Travis Zajac\zajactr01,NJD,C,9,16,1,1,1,0,2,72,39,58Mika Zibanejad\zibanmi01,NYR,C,41,34,15,3,6,12,2,208,49,51Mats Zuccarello\zuccama01,MIN,LW,15,22,3,0,2,4,0,96,36,13Jason Zucker\zuckeja01,TOT,LW,20,21,7,0,4,5,0,111,23,53Jason Zucker\zuckeja01,MIN,LW,14,15,5,0,2,4,0,75,20,35Jason Zucker\zuckeja01,PIT,LW,6,6,2,0,2,1,0,36,3,18Valentin Zykov\zykovva01,VEG,LW,1,3,1,0,0,0,0,19,3,20